Product_ID,Product_name,Qty,Lead Time(days),Date,Sales,Moving_Avg_Sales,Cumulative_Sales,Month,Week,Day_of_Week,Lead_Time_Impact
1000227791/ 1000206658,SINAMICS CU320,8.0,7,2023-01-01,3,3.0,3,1,52,6,0.42857142857142855
1000252640,VSM 10 Sinamics Voltage Sensing Module ,3.0,4,2023-01-02,1,1.0,1,1,1,0,0.25
1000253341,SINAMICS S120 TERMINAL MODULE TM31,4.0,5,2023-01-03,2,2.0,2,1,1,1,0.4
1000262699,DTI Card,3.0,7,2023-01-04,1,1.0,1,1,1,2,0.14285714285714285
1000227792,"SMC30, SINAMICS SENSOR MODULE CABINET MOUNTED ",12.0,3,2023-01-05,11,11.0,11,1,1,3,3.6666666666666665
1000014336,"RELAY;SAFETY,3TK2825-1BB40",1.0,5,2023-01-06,1,1.0,1,1,1,4,0.2
1000598797,"RELAY;SAFETY,PN:3SK1121-1AB40",9.0,5,2023-01-07,8,8.0,8,1,1,5,1.6
1000132653,"RELAY,SAFETY,MM:3TK2821-1CB30",2.0,7,2023-01-08,1,1.0,1,1,1,6,0.14285714285714285
1000598788,"RELAY;SAFETY, 3SK1211-1BB40",24.0,2,2023-01-09,9,9.0,9,1,2,0,4.5
1000237996,EARTH FAULT MONITOR FOR UNDERGROUND AC AND DC SYSTEMS TO 690V - 1/N AC 230V - 3AC 0- 690V,1.0,3,2023-01-10,1,1.0,1,1,2,1,0.3333333333333333
1000305807,ENCODER; 1PH7911-1BA21-0AA0,1.0,7,2023-01-11,1,1.0,1,1,2,2,0.14285714285714285
1000303429,"TIMER RELAY,TD;DPCO,0.15-3MIN",3.0,3,2023-01-12,1,1.0,1,1,2,3,0.3333333333333333
1000236334,"OUTPUT INTERFACE TERMINAL CONTACT BLOCK,MM:3TX7002-1FB02",11.0,3,2023-01-13,1,1.0,1,1,2,4,0.3333333333333333
1000050339,"SUPPRESSION DIODE,GEGA,TYPE:3RT 1916-1DG00",24.0,5,2023-01-14,14,14.0,14,1,2,5,2.8
1000014213,"AUXILIARY CIRCUIT SWITCH,1NO,1NC,TYPE:5SX9100",5.0,3,2023-01-16,3,3.0,3,1,3,0,1.0
1000237022," OUTPUT INTERFACE TERMINAL,TWO TIER,CAT:3TX7004-1BB10",16.0,6,2023-01-17,5,5.0,5,1,3,1,0.8333333333333334
1000005129,"AUX CONTACT BLOCK, 1NO, SIEMENS",56.0,5,2023-01-18,9,9.0,9,1,3,2,1.8
1000148664,"AUX CONTACT BLOCK, 1NC, SIEMENS",0.0,2,2023-01-19,1,1.0,1,1,3,3,0.5
1000254213,"AUX CONTACT BLOCK, 1NO,S0-S3, SIEMENS",23.0,4,2023-01-20,30,30.0,30,1,3,4,7.5
1000005663,"AUX CONTACT BLOCK,TRANSVERSE, 1NO+1NC, SIEMENS",4.0,6,2023-01-21,1,1.0,1,1,3,5,0.16666666666666666
1000096435,"CONTACT BLOCK,TRANSVERSE, FRONT,1NO+1NC, ",1.0,6,2023-01-22,1,1.0,1,1,3,6,0.16666666666666666
1000323400,"CONTACT BLOCK, 2NO+2NC, SIEMENS",14.0,2,2023-01-23,8,8.0,8,1,4,0,4.0
1000456602,"CONTACT BLOCK, 1NO+1NC SIEMENS",2.0,4,2023-01-24,1,1.0,1,1,4,1,0.25
1000097408,"AUX CONTANCTOR BLOCK, 3RH1911-1GA40, 4NO,  SIEMENS",9.0,5,2023-01-25,4,4.0,4,1,4,2,0.8
1000205884,"CONTACT BLOCK,1NO+1NC,3SB54 00-0A",9.0,1,2023-01-26,9,9.0,9,1,4,3,9.0
1000146663,"ALLIED TRANSDUCER, CONVERTOR,1000 BASE X,PN:AT-G8SX",7.0,4,2023-01-27,2,2.0,2,1,4,4,0.5
1000304458,"POWER CONNECTOR, STELMORE CONVEYOR DRIVE MOTOR MODULE",6.0,2,2023-01-28,2,2.0,2,1,4,5,1.0
1000302300,"SURGE SUPPRESSOR, SIEMENS",10.0,6,2023-01-29,5,5.0,5,1,4,6,0.8333333333333334
1000130235,"SURGE SUPPRESSOR, SIEMENS",9.0,5,2023-01-30,2,3.5,7,1,5,0,0.4
1000303112,"INDICATOR,LIGHT;PN:3SB3400-1PA30",10.0,4,2023-01-31,1,1.0,1,1,5,1,0.25
1000393890,"CONNECTOR;FEMALE,46X80X70MM,PN:AS591-F",4.0,1,2023-02-02,3,3.0,3,2,5,3,3.0
1000301584,SURGE SUPPRESSOR; PN:3RT1916-1DG00,24.0,3,2023-02-03,14,14.0,14,2,5,4,4.666666666666667
1000405043,"IPD FOR SINAMICS SINGLE MOTOR MODULE INPUT: DC 675-1080V OUTPUT: 3AC 0-690V, 330A RATED POWER: 315KW CHASSIS",2.0,3,2023-02-04,1,1.0,1,2,5,5,0.3333333333333333
1000333128,"IPD FOR SINAMICS SINGLE MOTOR MODULE INPUT: DC 675-1080V OUTPUT: 3AC 0-690V, 575A RATED POWER: 560KW CHASSIS (ST-1,2, SH-1,2)
",4.0,7,2023-02-05,2,2.0,2,2,5,6,0.2857142857142857
1000333129,"IPD FOR SINAMICS SINGLE MOTOR MODULE INPUT: DC 675-1080V OUTPUT: 3AC 0-690V, 735A RATED POWER: 710KW CHASSIS",7.0,2,2023-02-06,3,3.0,3,2,6,0,1.5
1000333130," IPD FOR SINAMICS SINGLE MOTOR MODULE INPUT: DC 675-1080V OUTPUT: 3AC 0-690V, 1025A RATED POWER: 1000KW CHASSIS (RSM)",8.0,4,2023-02-07,6,6.0,6,2,6,1,1.5
1000446906,"IPD FOR SINAMICS SINGLE MOTOR MODULE INPUT: DC 675-1080V OUTPUT: 3AC 0-690V, 1270A RATED POWER: 1200KW CHASSIS",4.0,4,2023-02-08,1,1.0,1,2,6,2,0.25
1000446909,"IPD FOR SINAMICS SINGLE MOTOR MODULE INPUT: 600V/DC OUT: 3PH 400V, 490A (SF)",9.0,7,2023-02-09,1,1.0,1,2,6,3,0.14285714285714285
1000446908,"IPD FOR SINAMICS SINGLE MOTOR MODULE INPUT: DC 675-1080V OUTPUT: 3AC 0-690V, 410A RATED POWER: 400KW CHASSIS (LHPR)",1.0,6,2023-02-10,1,1.0,1,2,6,4,0.16666666666666666
1000349039,"IPD FOR SINAMICS SINGLE MOTOR MODULES INPUT: 600 V DC OUTPUT: 3-PH 400 V, 310 A (Billet Skid & Trim Shear)",3.0,6,2023-02-11,1,1.0,1,2,6,5,0.16666666666666666
1000333131,"IPD FOR SINAMICS S120 SMART LINE MODULE 3AC 380-480V, 50/60HZ OUTPUT: DC 510 - 650V, 1430A RATED POWER (INFEED-6,7A,7B)",3.0,7,2023-02-12,2,2.0,2,2,6,6,0.2857142857142857
1000348719,"IPD FOR SINAMICS SINGLE MOTOR MODULES INPUT: 600 V DC OUTPUT: 3-PH 400 V, 260 A (Chopping Shear)",3.0,6,2023-02-13,1,1.0,1,2,7,0,0.16666666666666666
1000333127,"IPD FOR SINAMICS S120 SMART LINE MODULE 3AC 500-690V, 50/60HZ OUTPUT: DC 675-930V, 1700A RATED POWER: 1400KW (INFEED-1,2,3,5)",14.0,3,2023-02-14,5,5.0,5,2,7,1,1.6666666666666667
1000445484,"IPD FOR SINAMICS SINGLE MOTOR MODULE INPUT: DC 675-1080V OUTPUT: 3AC 0-690V, 910A RATED POWER: 900KW CHASSIS",2.0,4,2023-02-15,1,1.0,1,2,7,2,0.25
1000405043,"IPD FOR SINAMICS  CARD;330A,1080VAC",1.0,7,2023-02-16,1,1.0,1,2,7,3,0.14285714285714285
1000252724,"POWER SUPPLY,PN:6SL39556HX001AA0",2.0,4,2023-02-17,1,1.0,1,2,7,4,0.25
1000255469,DRIVE-CLICQ CABLE 5.0m,9.0,1,2023-02-18,7,7.0,7,2,7,5,7.0
1000234763,DRIVE-CLICQ CABLE 2.8m,14.0,3,2023-02-19,3,3.0,3,2,7,6,1.0
1000189376,"SINAMICS S120 SMART LINE MODULE 3AC 500-690V, 50/60HZ OUTPUT: DC 675-930V, 1700A RATED POWER: 1400KW 
MLFB NO- 6SL 3330-6TG41-7AA0",1.0,5,2023-02-20,1,1.0,1,2,8,0,0.2
1000189367,"SINAMICS S120 SMART LINE MODULE 3AC 380-480V, 50/60HZ OUTPUT: DC 510 - 650V, 1430A RATED POWER: 800KW 
MLFB NO- 6SL3330-6TE41-7AA0",0.0,3,2023-02-21,1,1.0,1,2,8,1,0.3333333333333333
1000357097,"SINAMICS S120 SMART LINE MODULE 3AC 380-480V, 50/60HZ OUTPUT: DC 510 - 650V, 1430A RATED POWER: 800KW 
MLFB NO- 6SL3330-6TE41-7AA3",1.0,7,2023-02-22,1,1.0,1,2,8,2,0.14285714285714285
1000227968,"SINAMICS SINGLE MOTOR MODULE INPUT: DC 675-1080V OUTPUT: 3AC 0-690V, 1270A RATED POWER: 1200KW 
MLFB NO- 6SL3320-1TG41-3AA0",2.0,5,2023-02-23,1,1.0,1,2,8,3,0.2
1000420157,"SINAMICS SINGLE MOTOR MODULE INPUT: DC 675-1080V OUTPUT: 3AC 0-690V, 1025A RATED POWER: 1000KW CHASSIS UNIT 
MLFB NO- 6SL3320-1TG41-0AA0",1.0,1,2023-02-24,1,1.0,1,2,8,4,1.0
1000189381,"SINAMICS SINGLE MOTOR MODULE INPUT: DC 675-1080V OUTPUT: 3AC 0-690V, 910A RATED POWER: 900KW CHASSIS UNIT
MLFB NO- 6SL3320-1TG38-8AA0",1.0,7,2023-02-25,1,1.0,1,2,8,5,0.14285714285714285
1000189380,"SINAMICS SINGLE MOTOR MODULE INPUT: DC 675-1080V OUTPUT: 3AC 0-690V, 735A RATED POWER: 710KW CHASSIS UNIT",2.0,2,2023-02-26,1,1.0,1,2,8,6,0.5
1000189379,"SINAMICS SINGLE MOTOR MODULE INPUT: DC 675-1080V OUTPUT: 3AC 0-690V, 575A RATED POWER: 560KW CHASSIS UNIT 
MLFB NO- 6SL3320-1TG35-8AA0",1.0,4,2023-02-27,1,1.0,1,2,9,0,0.25
1000189375,"SINAMICS SINGLE MOTOR MODULE INPUT: 600V/DC OUT: 3PH 400V,490A
MLFB NO- 6SL3320-1TE35-0AA0",1.0,1,2023-02-28,1,1.0,1,2,9,1,1.0
1000189378,"SINAMICS SINGLE MOTOR MODULE INPUT: DC 675-1080V OUTPUT: 3AC 0-690V, 410A RATED POWER: 400KW CHASSIS UNIT 
MLFB NO-6SL3320-1TG34-1AA0",1.0,4,2023-03-01,1,1.0,1,3,9,2,0.25
1000323909,"DRIVE;BM4145-ST0-00300-03, 125A MAKE- BAUMULLER",1.0,6,2023-03-02,1,1.0,1,3,9,3,0.16666666666666666
1000189377,"SINAMICS SINGLE MOTOR MODULE INPUT: DC 675-1080V OUTPUT: 3AC 0-690V, 330A RATED POWER: 315KW CHASSIS UNIT 
MLFB NO- 6SL3320-1TG33-3AA0",1.0,2,2023-03-04,1,1.0,1,3,9,5,0.5
1000189374,"SINAMICS SINGLE MOTOR MODULES INPUT: 600 V DC OUTPUT: 3-PH 400 V, 310 A
MLFB NO- 6SL3320-1TE33-1AA0",1.0,1,2023-03-05,1,1.0,1,3,9,6,1.0
1000189373,"SINAMICS SINGLE MOTOR MODULES INPUT: 600 V DC OUTPUT: 3-PH 400V, 260 A 
MLFB NO- 6SL3320-1TE32-6AA0",1.0,2,2023-03-06,1,1.0,1,3,10,0,0.5
1000189372,"SINAMICS SINGLE MOTOR MODULE INPUT: 600 V DC OUTPUT: 3AC 400 V, 132 A
MLFB NO- 6SL3120-1TE31-3AA3",2.0,2,2023-03-08,1,1.0,1,3,10,2,0.5
1000189371,"SINAMICS SINGLE MOTOR MODULE INPUT: 600 V DC OUTPUT: 3AC 400 V, 60 A
MLFB NO- 6SL3120-1TE26-0AA3",1.0,4,2023-03-09,1,1.0,1,3,10,3,0.25
1000189370,"SINAMICS SINGLE MOTOR MODULE INPUT: 600 V DC OUTPUT: 3AC 400 V, 45 A 
MLFB NO- 6SL3120-1TE24-5AA3",1.0,4,2023-03-10,1,1.0,1,3,10,4,0.25
1000189369,"SINAMICS SINGLE MOTOR MODULE INPUT: 600V/DC OUT: 3AC 400V/30A
MLFB NO-6SL3120-1TE23-0AA3",4.0,7,2023-03-11,3,3.0,3,3,10,5,0.42857142857142855
1000189368,"SINAMICS SINGLE MOTOR MODULE INPUT: 600 V DC OUTPUT: 3AC 400 V, 18 A 
MLFB NO-6SL3120-1TE21-8AA3",1.0,4,2023-03-12,1,1.0,1,3,10,6,0.25
1000333133,"CIM Card 
MLFB No.- 6SL3350-6TK00-0EA0
",3.0,4,2023-03-14,1,1.0,1,3,11,1,0.25
1000366495,"CAPACITOR;14MF,PN:SC1265",80.0,3,2023-03-17,44,44.0,44,3,11,4,14.666666666666666
1000149673,SFU FOR DRIVE,2.0,6,2023-03-18,1,1.0,1,3,11,5,0.16666666666666666
1000555623,"DRIVE; ATV71HD11N4, VVVF, 415 V",1.0,1,2023-03-19,1,1.0,1,3,11,6,1.0
1000195950,SOFT STARTER FOR CA FAN,1.0,4,2023-03-20,1,1.0,1,3,12,0,0.25
1000570527,"DRIVE;VFD G120,1.5 KW,480VAC",2.0,2,2023-03-21,1,1.0,1,3,12,1,0.5
1000185353,"ENCODER,HOLLOW SHAFT,TYPE:HOG10DN1024I, MAKE-BAUMULLER",2.0,4,2023-03-22,1,1.0,1,3,12,2,0.25
1000322392,"ENCODER, MAKE-BAUMULLER",2.0,2,2023-03-23,1,1.0,1,3,12,3,0.5
1000209532,"ENCODER,PN:861900220 1024 Make- LEINE & LINDE",7.0,6,2023-03-24,1,1.0,1,3,12,4,0.16666666666666666
1000357758,"AI MODULE; 8CH, 6ES74311KF200AB0,24VDC",3.0,2,2023-03-27,1,1.0,1,3,13,0,0.5
1000180279,"AO MODULE, 8CH, PN:6ES7-432-1HF00-0AB0",3.0,4,2023-03-28,1,1.0,1,3,13,1,0.25
1000195795,"DO MODULE, 16CH",3.0,6,2023-03-29,2,2.0,2,3,13,2,0.3333333333333333
1000180281,"DO MODULE, 32CH,PN:6ES7-422-1BL00-0AA0",5.0,5,2023-03-30,1,1.0,1,3,13,3,0.2
1000180282,"DI MODULE , 32CH, PN:6ES7-421-1BL01-0AA0",3.0,7,2023-03-31,1,1.0,1,3,13,4,0.14285714285714285
1000195794,"DI MODULE, 16CH",2.0,2,2023-04-01,1,1.0,1,4,13,5,0.5
1000180284,IM MODULE (RECEIVER) -NOT IN USE,1.0,2,2023-04-02,1,1.0,1,4,13,6,0.5
1000180285,IM MODULE (TRANSMITTER) -NOT IN USE,1.0,4,2023-04-03,1,1.0,1,4,14,0,0.25
1000357441,"FM MODULE;FM-450, 24VDC,PN:6ES7450-1AP00-0AE0",1.0,2,2023-04-04,1,1.0,1,4,14,1,0.5
1000097311,"CP 443-1EX30B MODULE; 24VDC,PN:6ES7450-1AP00-0AE0",1.0,2,2023-04-05,1,1.0,1,4,14,2,0.5
1000331303,CP 443-5 MODULE; 24VDC,3.0,6,2023-04-06,1,1.0,1,4,14,3,0.16666666666666666
1000180286,POWER MODULE PS407,2.0,6,2023-04-08,1,1.0,1,4,14,5,0.16666666666666666
1000195793,CPU 416-2DP,1.0,7,2023-04-09,1,1.0,1,4,14,6,0.14285714285714285
1000144013,"FRONT CONNECTOR,S7-400,6ES74921AL000AA0",5.0,7,2023-04-10,3,3.0,3,4,15,0,0.42857142857142855
1000346006,CPU 313C-2DP;PN:6ES7313-6CF03-0AB0,1.0,6,2023-04-11,1,1.0,1,4,15,1,0.16666666666666666
1000197900,"CPU 317-2, PN:6ES7-317-2EK13-0AB0",1.0,7,2023-04-12,1,1.0,1,4,15,2,0.14285714285714285
1000368322,"CPU 317-2, PN:6ES7-317-2EK14-0AB0",1.0,4,2023-04-13,1,1.0,1,4,15,3,0.25
1000224145,CPU 2AH14,2.0,1,2023-04-14,1,1.0,1,4,15,4,1.0
1000309578,CP343-1 MODULE;6GK73431CX10-0XE0 (RSM_CC),2.0,6,2023-04-15,1,1.0,1,4,15,5,0.16666666666666666
1000177464,OLM MODULE;6GK73431CX10-0XE0,1.0,5,2023-04-16,1,1.0,1,4,15,6,0.2
1000057834,"DP/DP COUPLER MODULE,MM:6ES7158-0AD01-0XA0",3.0,5,2023-04-17,1,1.0,1,4,16,0,0.2
1000147013,"POSITION INPUT MODULE,SIGNAL,MM:6ES7338-4BC01-0AB0",2.0,2,2023-04-18,1,1.0,1,4,16,1,0.5
1000272424,"FM COUNTER MODULE;FM-350-2, 6ES73502AH010AE0",6.0,7,2023-04-19,5,5.0,5,4,16,2,0.7142857142857143
1000200425,ALLEN BRADLEY PLC (LAYING HEAD),2.0,5,2023-04-20,1,1.0,1,4,16,3,0.2
1000238802,"DIGITAL INPUT OUTPUT MODULE,PN:6ED1 055-1NB10-0BA0",1.0,2,2023-04-21,1,1.0,1,4,16,4,0.5
1000267014,"SMPS,I/P-230VAC,O/P-12V , 2A",1.0,4,2023-04-23,1,1.0,1,4,16,6,0.25
1000234750,"DVP-14SS MODULE,PWR SUPPLY,100-240VAC,MM:DVPPS02",2.0,4,2023-04-24,1,1.0,1,4,17,0,0.25
1000195843,"BUS MODULE 2*40, ET200M,PN:6ES71957HB000XA0",10.0,4,2023-04-25,5,5.0,5,4,17,1,1.25
1000195991,"BUS MODULE 1*80, I/O MODULE,PN:6ES71957HC000XA0",7.0,5,2023-04-26,6,6.0,6,4,17,2,1.2
1000195842,"BUS MODULE PS/IM 153, 6ES71957HA000XA0",9.0,1,2023-04-27,5,5.0,5,4,17,3,5.0
1000198101,"ANYBUS GATEWAY-CANOPEN TO PROFIBUS,24VDC",1.0,5,2023-04-30,1,1.0,1,4,17,6,0.2
1000181818,"SITOP POWER SUPPLY, 6EP1-336-2BA00 , 24VDC,20A",1.0,1,2023-05-02,1,1.0,1,5,18,1,1.0
1000014382,"SITOP POWER SUPPLY, 6EP1-336-3BA00, 24VDC,20A",2.0,7,2023-05-03,1,1.0,1,5,18,2,0.14285714285714285
1000014380,"SITOP POWER SUPPLY, 6EP1-334-3BA00, 24VDC,10A",5.0,1,2023-05-04,1,1.0,1,5,18,3,1.0
1000014383,"SITOP POWER SUPPLY, 6EP1-334-2AA01, 24VDC, A",2.0,1,2023-05-05,1,1.0,1,5,18,4,1.0
1000445441,"SITOP POWER SUPPLY, 6EP1-334-2BA20, 24VDC,10A",5.0,4,2023-05-06,1,1.0,1,5,18,5,0.25
1000195844,"SITOP POWER SUPPLY, 6EP1-333-3BA10, 24VDC,5A",4.0,7,2023-05-07,1,1.0,1,5,18,6,0.14285714285714285
1000197906,"SITOP POWER SUPPLY, 6EP1-333-2AA01, 24VDC,5A",6.0,3,2023-05-08,3,3.0,3,5,19,0,1.0
1000138637,"POWER SUPPLY MODULE,PS 307,6ES7-307-1KA02-0AA0,24V,10A",3.0,3,2023-05-09,1,1.0,1,5,19,1,0.3333333333333333
1000138637,"POWER SUPPLY MODULE,PS 307,6ES7-307-1KA01-0AA0,24V,10A",1.0,3,2023-05-11,1,1.0,1,5,19,3,0.3333333333333333
1000014629,"DI MODULE, 32CH, 6ES7-321-1BL00-0AA0",8.0,1,2023-05-13,3,3.0,3,5,19,5,3.0
1000050427,"DI MODULE, 16CH, 6ES7-321-1BH02-0AA0",9.0,3,2023-05-14,6,6.0,6,5,19,6,2.0
1000014630,"DO MODULE, 32CH, 6ES7322-1BL00-OAAO",3.0,5,2023-05-15,1,1.0,1,5,20,0,0.2
1000097683,"DO MODULE, 16CH, 6ES7-322-1BH01-0AA0",8.0,2,2023-05-16,4,4.0,4,5,20,1,2.0
1000097685,"DI MODULE, 16CH X REL.AC230V, 6ES7 322 1HH01 OAAO",5.0,7,2023-05-17,4,4.0,4,5,20,2,0.5714285714285714
1000097684,"D0 MODULE ,8CH, 6ES7-322-1BF01-0AA0",2.0,2,2023-05-18,1,1.0,1,5,20,3,0.5
1000197904,"DO MODULE, 8CH X REL.AC230V, 6ES7-322-1HF01-0AA0",5.0,1,2023-05-19,1,1.0,1,5,20,4,1.0
1000180276,"AI MODULE, 8CH X 13BIT, 6ES7-331-1KF02-0AB0",12.0,4,2023-05-20,7,7.0,7,5,20,5,1.75
1000431291,"AI MODULE, 8CH, THERMOCOUPLE, 6ES7-331-7PF11-0AB0",8.0,7,2023-05-21,6,6.0,6,5,20,6,0.8571428571428571
1000098236/ 1000254774,"AI MODULE, 8CH, 6ES7-331-7KF02-0AB0",6.0,1,2023-05-22,3,3.0,3,5,21,0,3.0
1000180276,"AI MODULE, 8CH, 6ES7-331-1KF01-0AB0",1.0,4,2023-05-23,1,1.0,1,5,21,1,0.25
1000098237,"AO MODULE, 4CH X 12BIT, 6ES7-332-5HD01-0AB0",11.0,2,2023-05-24,9,9.0,9,5,21,2,4.5
1000195993,"AO MODULE, 8CH X 12BIT, 6ES7-332-5HF00-0AB0",5.0,1,2023-05-25,4,4.0,4,5,21,3,4.0
1000195735,"INTERFACE MODULE (IM), 6ES7-153-2BA02-0XB0",2.0,7,2023-05-27,1,1.0,1,5,21,5,0.14285714285714285
1000057833,"INTERFACE MODULE (IM), 6ES7-153-1AA03-0XB0",11.0,6,2023-05-28,6,6.0,6,5,21,6,1.0
1000195940,"FRONT CONNECTOR FOR CARD, 6ES7-392-1AM00-0AA0",6.0,5,2023-05-29,5,5.0,5,5,22,0,1.0
1000014485,"FRONT CONNECTOR FOR CARD, 6ES7-392-1AJ00-0AA0",1.0,3,2023-05-30,1,1.0,1,5,22,1,0.3333333333333333
1000195799,"OBT, PN:6GK1500-3AA10",6.0,3,2023-06-02,1,1.0,1,6,22,4,0.3333333333333333
1000253135,"REPEATER, RS485, 6ES7-972-0AA02-0XA0",4.0,3,2023-06-03,2,2.0,2,6,22,5,0.6666666666666666
1000253137,"PROFIBUS CONNECTOR,MM:6ES7972-0BB52-0XA0",13.0,1,2023-06-04,8,8.0,8,6,22,6,8.0
1000195733,"PROFIBUS CONNECTOR,MM:6ES7972-0BA12-0XA0",8.0,3,2023-06-05,6,6.0,6,6,23,0,2.0
1000261210,"PROFIBUS CONNECTOR,MM:6ES7972-0BB12-0XA0",42.0,5,2023-06-06,19,19.0,19,6,23,1,3.8
1000180290,"PROFIBUS CONNECTOR,,MM:6ES7972-0BB41-0XA0",17.0,7,2023-06-07,9,9.0,9,6,23,2,1.2857142857142858
1000207410,"RELAY BOARD,8CH,1CO,24VDC,5A, PC24D08-COB",9.0,6,2023-06-08,3,3.0,3,6,23,3,0.5
1000198102,"MOTION CONTROLLER-TRIM SHEAR, ABB,24VDC,50W",1.0,3,2023-06-09,1,1.0,1,6,23,4,0.3333333333333333
1000509087,"LAN CARD,NETWRK; PN:PRO 1000 PT",3.0,1,2023-06-10,1,1.0,1,6,23,5,1.0
1000097349,"RAIL,530MM F/PLC, 6ES7-390-1AF30-0AA0",1.0,5,2023-06-11,1,1.0,1,6,23,6,0.2
1000097306,"RACK,MAIN PLC, 18 SLOT, 6ES7-400-1TA01-0AA0",1.0,2,2023-06-12,1,1.0,1,6,24,0,0.5
1000253139,"RAIL,830MM F/PLC, 6ES7-390-1AJ30-0AA0",1.0,7,2023-06-13,1,1.0,1,6,24,1,0.14285714285714285
1000196121,"RAIL,530MM, F/PLC, 6ES7-195-1GF30-0XA0",2.0,7,2023-06-14,2,2.0,2,6,24,2,0.2857142857142857
1000253138,"RAIL,480MM F/PLC,MM:6ES7390-1AE80-0AA0",1.0,6,2023-06-15,1,1.0,1,6,24,3,0.16666666666666666
1000498223,"SENSOR;220/240VAC,MN:UVS 10D1G1",0.0,3,2023-06-17,1,1.0,1,6,24,5,0.3333333333333333
1000048247,"LENS,VARIFOCAL,1/3IN,5-50MM",4.0,7,2023-06-19,1,1.0,1,6,25,0,0.14285714285714285
1000183279,"CAMERA,MM:HCC-690P F/CCTV",4.0,7,2023-06-20,3,3.0,3,6,25,1,0.42857142857142855
1000198106,"SWITCH,PROXIMITY,30MM,PN:II5829",6.0,2,2023-06-21,3,3.0,3,6,25,2,1.5
1000211028,"PED SENSOR,PHOTO ELECTRIC,MM:O4H500",6.0,2,2023-06-22,4,4.0,4,6,25,3,2.0
1000198111,"PED SENSOR, PHOTO SENSOR,PN:OA0106",5.0,4,2023-06-23,2,2.0,2,6,25,4,0.5
1000267014,"SMPS,I/P-230VAC,50HZ,O/P-12V DC/2A",2.0,5,2023-06-24,1,1.0,1,6,25,5,0.2
1000214151,"VALVE,SOLENOID,5/2WAY,PN:5811170050",6.0,3,2023-06-25,3,3.0,3,6,25,6,1.0
1000007736,"CONTROLLER,3STEP,JOYSTICK,5-0-5POS,10A",1.0,7,2023-06-26,1,1.0,1,6,26,0,0.14285714285714285
1000181007,"FLOW SWITCH INDICATOR,PN:08.01.01.01/05",6.0,7,2023-06-27,1,1.0,1,6,26,1,0.14285714285714285
1000182313,"Part of Limit SWITCH,LIMIT,240V AC,IEC60947-5-1",3.0,1,2023-06-28,1,1.0,1,6,26,2,1.0
1000588026,"CAMERA,DIG;PN:FRTPACCAMECCDVT1100",1.0,4,2023-07-01,1,1.0,1,7,26,5,0.25
1000138051,"SMPS,2.5A,24VDC",1.0,6,2023-07-02,1,1.0,1,7,26,6,0.16666666666666666
1000458352,"TIMER;ON DELAY,230VAC,PN:H30TG",1.0,5,2023-07-03,1,1.0,1,7,27,0,0.2
1000213394,"LASER SENSOR,PN:01D100",5.0,7,2023-07-04,4,4.0,4,7,27,1,0.5714285714285714
1000214187,"CONNECTOR,MM:DS2508",4.0,7,2023-07-05,2,2.0,2,7,27,2,0.2857142857142857
1000398020,SENSOR;MN:WTB27-3P2411S18,23.0,7,2023-07-07,12,12.0,12,7,27,4,1.7142857142857142
1000168849,"FUSE,160A,DIN 000,TYPE:170M1569D",5.0,3,2023-07-08,2,2.0,2,7,27,5,0.6666666666666666
1000591651,"TRANSMITTER,PRS;PN:7MF4033IBA101AA6Z (CA FAN PT)",1.0,5,2023-07-09,1,1.0,1,7,27,6,0.2
1000513713,"DAMPER POSITION XMTR;POSITION,SIPART PS2- (MAKE-SIEMENS)- PG & MAIN DAMPER",5.0,4,2023-07-10,3,3.0,3,7,28,0,0.75
1000013595,"DAMPER POSITIONER,FFB,MM:TZIDC 120,MAKE-ABB",3.0,5,2023-07-11,2,2.0,2,7,28,1,0.4
1000520166,"LEVEL TRANSMITTER,RADR;MN:SITRANS LR250",1.0,7,2023-07-12,1,1.0,1,7,28,2,0.14285714285714285
1000011919,"POSITIONER,PNEUMATIC,MM:830WP MAKE- FOBSMARSHAL",1.0,3,2023-07-13,1,1.0,1,7,28,3,0.3333333333333333
1000198124,"CONNECTOR,PN:BKS-S 32M-00,F/TRANSDUCER",7.0,6,2023-07-15,1,1.0,1,7,28,5,0.16666666666666666
1000214144,"MAGNET F/TRANSDUCER,MM:BTL5F28141S",3.0,4,2023-07-16,2,2.0,2,7,28,6,0.5
1000214078,"BAR;175MM,PN:BTL2GS100175A",9.0,2,2023-07-17,8,8.0,8,7,29,0,4.0
1000259382,"FUSE,1000A,700-200KA,TYPE:170M6714",7.0,2,2023-07-18,3,3.0,3,7,29,1,1.5
1000390259,"MPCB;6-10A,3P,PN:GV2ME14+GVAD1010",23.0,5,2023-07-19,14,14.0,14,7,29,2,2.8
1000303835,VALVE;PN:VAS120R/NWSR,4.0,6,2023-07-20,2,2.0,2,7,29,3,0.3333333333333333
1000323969,"MCB;1P, 80A,PN:A9N18357",2.0,1,2023-07-21,2,2.0,2,7,29,4,2.0
1000207571,"PRESSURE SWITCH,500MBAR,MM:DG500U-3 (FOR GAS)",2.0,5,2023-07-22,13,13.0,13,7,29,5,2.6
1000191024,"FLOMAC FLOWMETERN RATE TOTALISER, MODEL- RT141 D0FMW/PULSE,MM:RT121D0MM",6.0,4,2023-07-28,1,1.0,1,7,30,4,0.25
1000484191,"TRANSMITTER,PRS;PN:7MF4033-1DA10-2AC6-Z, SIEMENS",3.0,6,2023-07-29,1,1.0,1,7,30,5,0.16666666666666666
1000220376,"MCCB,400A,3P,50KA,MM:LV432693",1.0,6,2023-07-30,1,1.0,1,7,30,6,0.16666666666666666
1000511965,"DPT, FLOW TRANSMITTER,DP;1-20MBAR,4-20MA, SIEMENS",1.0,1,2023-08-04,1,1.0,1,8,31,4,1.0
1000484191,"DPT,TRANSMITTER,PRS;PN:7MF4033-1DA10-2AC6-Z, MAKE- SIEMENS",2.0,7,2023-08-05,1,1.0,1,8,31,5,0.14285714285714285
1000303845,"DPT ,FLOW TANSMITTER;PN:7MF4433-1EA02-1AA6-Z,6-600 mbar, MAKE- SIEMENS",3.0,6,2023-08-06,1,1.0,1,8,31,6,0.16666666666666666
1000330408,"TEMP TRANSMITTER;0-100C,22-32VDC,PN:ETS 1700 MAKE- HYDAC",1.0,1,2023-08-07,1,1.0,1,8,32,0,1.0
1000318576,"VALVE,SOL;MN:SMC SY5140-5DZ-Q",1.0,3,2023-08-10,1,1.0,1,8,32,3,0.3333333333333333
1000310404,"LEVEL SWITCH,LVL;LR7000,18-30 VDC, IFM",2.0,6,2023-08-11,1,1.0,1,8,32,4,0.16666666666666666
1000294666,"GLASS;PYREX/BOROSILLICATE,DIA. 82.5,CAMERA",10.0,1,2023-08-12,3,3.0,3,8,32,5,3.0
1000572315,"METER,FLOW;AL,PN:OM050A001-511-R5",4.0,4,2023-08-13,3,3.0,3,8,32,6,0.75
1000182358,"RTD,2 WIRE,PT-100, 300MM, SS F/HEAT TRACER",10.0,1,2023-08-15,3,3.0,3,8,33,1,3.0
1000245448,"THERMOCOUPLE, K TYPE,SIMPLEX,3MM,2000MM",6.0,7,2023-08-17,1,1.0,1,8,33,3,0.14285714285714285
1000012229,"PRESSURE TRANSMITTER,PRESS,0-10BAR, SIEMENS",4.0,3,2023-08-19,2,2.0,2,8,33,5,0.6666666666666666
1000251164,"HRC FUSE, 690V,900A, PN:3NE3340-8",7.0,1,2023-08-20,3,3.0,3,8,33,6,3.0
1000358178,"HRC FUSE, 690V,850A, PN:3NE1448-2",3.0,6,2023-08-21,1,1.0,1,8,34,0,0.16666666666666666
1000359192,"HRC FUSE, 690V,710A, PN:3NE3337-8",6.0,5,2023-08-22,2,2.0,2,8,34,1,0.4
1000261373,"HRC FUSE, 690V,630A, PN:3NE3336",8.0,1,2023-08-23,3,3.0,3,8,34,2,3.0
1000251165,"HRC FUSE, 690V,560A, PN:3NE3335",6.0,3,2023-08-24,2,2.0,2,8,34,3,0.6666666666666666
1000251166,"HRC FUSE, 690V,500A, PN:3NE3334-0B",6.0,2,2023-08-25,2,2.0,2,8,34,4,1.0
1000298682,"HRC FUSE, 690V,450A, PN:3NE3233 ",6.0,4,2023-08-26,2,2.0,2,8,34,5,0.5
1000251163,"HRC FUSE, 690V,400A, PN:3NE3232-0B",6.0,7,2023-08-27,2,2.0,2,8,34,6,0.2857142857142857
1000004717,"HRC FUSE, 690V,315A, PN:3NE1230-0",4.0,3,2023-08-28,1,1.0,1,8,35,0,0.3333333333333333
1000227801,"HRC FUSE, 690V,200A, PN:3NE1225-0",26.0,6,2023-08-29,9,9.0,9,8,35,1,1.5
1000343851,"HRC FUSE, 690V,160A, PN:3NE1224-0",1.0,1,2023-08-30,1,1.0,1,8,35,2,1.0
1000227803,"HRC FUSE, 690V,125A, PN:3NE1022-0",9.0,4,2023-08-31,6,6.0,6,8,35,3,1.5
1000216238,"HRC FUSE, 690V,100A, PN:3NA7830-0RC",70.0,1,2023-09-01,41,41.0,41,9,35,4,41.0
1000227800,"HRC FUSE, 690V,80A, PN:3NE1820-0",6.0,6,2023-09-02,2,2.0,2,9,35,5,0.3333333333333333
1000266740,"FUSE,SEMICONDUCTOR,BS88,690V,80A,PN:80ET",15.0,1,2023-09-03,8,8.0,8,9,35,6,8.0
1000227798,"HRC FUSE, 690V,63A, PN:3NA7822-6",32.0,2,2023-09-04,18,18.0,18,9,36,0,9.0
1000098309,"HRC FUSE, 415V,50A, PN:3NA3820-7Y",22.0,4,2023-09-05,7,7.0,7,9,36,1,1.75
1000164681,"FUSE LINK,415V, 32A, PN:3NWTIA32",10.0,4,2023-09-06,3,3.0,3,9,36,2,0.75
1000310005,"HRC FUSE, 20A, PN:1700263",6.0,6,2023-09-07,3,3.0,3,9,36,3,0.5
1000004526,"FUSE LINK, 6A, PN: 3NWNS6",20.0,7,2023-09-08,11,11.0,11,9,36,4,1.5714285714285714
1000358191,"HRC FUSE, 6A ,PN:3NA7801-6",16.0,2,2023-09-09,16,16.0,16,9,36,5,8.0
1000252950,"TUBULAR FUSE,415V, 6A, PN:3NW6301-1",30.0,3,2023-09-10,27,27.0,27,9,36,6,9.0
1000359865,"TUBULAR FUSE, 6A,PN:ATDR8",5.0,1,2023-09-11,3,3.0,3,9,37,0,3.0
1000193277,"FUSE LINK, 415V,4A, PN:3NWNS4",9.0,5,2023-09-12,2,2.0,2,9,37,1,0.4
1000236331,"HRC FUSE, 2A, PN: 3NA7802-6",18.0,1,2023-09-13,6,6.0,6,9,37,2,6.0
1000193275,"HBC FUSE LINK, 2A, PN: 3NWNS2",50.0,1,2023-09-14,12,12.0,12,9,37,3,12.0
1000359865,"GLASS FUSE, 6A, PN:ATDR8",50.0,1,2023-09-16,1,1.0,1,9,37,5,1.0
1000236180,"SWITCH FUSE UNIT, 160A, PN: 3NP4070-0CH01",3.0,2,2023-09-17,1,1.0,1,9,37,6,0.5
1000253133,"DISCONNECTOR,100A, PN:3NP4010-0CH01",1.0,2,2023-09-18,1,1.0,1,9,38,0,0.5
1000260584,"SWITCH,DISCONNECT,SITOR,690V,50A, PN:3NC1091",2.0,4,2023-09-19,1,1.0,1,9,38,1,0.25
1000004524,"FUSE HOLDER, 32A, PN: 3NW32",20.0,6,2023-09-20,13,13.0,13,9,38,2,2.1666666666666665
1000260584,"SWITCH,DISCONNECT,SITOR,690V,PN:3NC1091",3.0,7,2023-09-21,1,1.0,1,9,38,3,0.14285714285714285
1000376124,"PULLER,FUSE, PN:3NX1013",3.0,5,2023-09-22,1,1.0,1,9,38,4,0.2
1000004405,"FUSE BASE,1P, PN:3NH3030,160A",4.0,1,2023-09-23,4,4.0,4,9,38,5,4.0
1000098433,"FUSE BASE,1P,GR-3, 360A,690V, PN:3NH3430",5.0,1,2023-09-24,1,1.0,1,9,38,6,1.0
1000384531,FL SWITCH SFN 4 TX/FX ST,1.0,3,2023-09-25,1,1.0,1,9,39,0,0.3333333333333333
1000459933,IB IL 24 DO 16 PAC,2.0,6,2023-09-26,1,1.0,1,9,39,1,0.16666666666666666
1000459937,IB IL 24 DI 16 PAC,1.0,2,2023-09-27,1,1.0,1,9,39,2,0.5
1000461183,"MODULE, 24 VDC, PN;2878722",1.0,5,2023-09-28,1,1.0,1,9,39,3,0.2
1000461358,SERVO MOTOR CONNECTOR,1.0,4,2023-09-29,1,1.0,1,9,39,4,0.25
1000461350,A082500010 RELAY ,1.0,2,2023-09-30,1,1.0,1,9,39,5,0.5
1000461354,GLASS SIGHT ; PN;B.ODAC.1001.204,6.0,7,2023-10-02,6,6.0,6,10,40,0,0.8571428571428571
1000461353,GLASS SIGHT ; PN;B.ODAC.1001.104,3.0,4,2023-10-03,1,1.0,1,10,40,1,0.25
1000461181,IB IL TEMP 2 RTD -PAC,1.0,7,2023-10-04,1,1.0,1,10,40,2,0.14285714285714285
1000459936,IL ETH BK DI8 DO4,2.0,3,2023-10-05,1,1.0,1,10,40,3,0.3333333333333333
1000461348,"DIODE 24VDC,PN;B.N2.540.0160",4.0,3,2023-10-06,2,2.0,2,10,40,4,0.6666666666666666
100046180,DOOR LIMIT SWITCH (IB IL DOR LV SET PEC),1.0,1,2023-10-07,1,1.0,1,10,40,5,1.0
1000461184,"MODULE, ILC150 ETH 24VDC,PN2985330",1.0,6,2023-10-09,1,1.0,1,10,41,0,0.16666666666666666
1000461185,SMPS,1.0,5,2023-10-10,1,1.0,1,10,41,1,0.2
1000634701,ENCODER ERN 430 1024 80S12-03,0.0,2,2023-10-12,1,1.0,1,10,41,3,0.5
1000461349,HEAD;PN;ODAC.1001.66730,1.0,6,2023-10-13,1,1.0,1,10,41,4,0.16666666666666666
1000467450,BELT,2.0,6,2023-10-14,1,1.0,1,10,41,5,0.16666666666666666
1000461344,CARD;PN;N6.SP.092.A1,1.0,3,2023-10-15,1,1.0,1,10,41,6,0.3333333333333333
1000461346,DRIVE PN; A15 104 5080,1.0,7,2023-10-16,1,1.0,1,10,42,0,0.14285714285714285
1000532641,"CONVERTER,SIG;PN;CI6J/ENCI.610.03001",1.0,1,2023-10-17,1,1.0,1,10,42,1,1.0
1000461358,"MOTOR,SERVO;PN:A15 101 1250",1.0,1,2023-10-18,1,1.0,1,10,42,2,1.0
1000364043,"A/C;KG-4266,PANEL,R134A,230VAC,270MM",2.0,4,2023-10-19,1,1.0,1,10,42,3,0.25
1000209092,"LVDT, TRANSDUCER,PN:BTL5-E10-M1750-P-S32 (KICKOFF)",4.0,6,2023-10-21,1,1.0,1,10,42,5,0.16666666666666666
1000214080,"LVDT, TRANDUCER,PN:BTL5-E10-M0450-P-S32 (WALKING BEAM TRANSVERSE)",4.0,5,2023-10-22,3,3.0,3,10,42,6,0.6
1000209091,"LVDT, TRANSDUCER,PN:BTL5-E10-M1250-P-S32 (WALKING BEAM UP-DOWN)",4.0,3,2023-10-23,1,1.0,1,10,43,0,0.3333333333333333
1000008935,"MCB,1A,1 POLE",48.0,4,2023-10-24,1,1.0,1,10,43,1,0.25
1000281052,"MCB;1A,3P ,5SX43017RC,230V,10KA,18MM",2.0,4,2023-10-25,1,1.0,1,10,43,2,0.25
1000008924,"MCB,2A,1 POLE",50.0,3,2023-10-26,14,14.0,14,10,43,3,4.666666666666667
1000008944,"MCB,2A,2 POLE#, Siemens",30.0,4,2023-10-27,3,3.0,3,10,43,4,0.75
1000280147,"MCB;4A,3P,5SX43047RC,230V, Siemens",2.0,3,2023-10-28,1,1.0,1,10,43,5,0.3333333333333333
1000199541,"MCB,1P,6A",13.0,2,2023-10-29,5,5.0,5,10,43,6,2.5
1000008946,"MCB,06A,2POLE, Siemens/ABB",86.0,3,2023-10-30,60,60.0,60,10,44,0,20.0
1000008960,"MCB,6A,3POLE, Siemens",8.0,7,2023-10-31,5,5.0,5,10,44,1,0.7142857142857143
1000254209,"MCB,10A,1P,CAT:5SX41048RC, Siemens",100.0,3,2023-11-01,52,52.0,52,11,44,2,17.333333333333332
1000254207,"MCB,10A,3P,CAT:5SX43108RC",22.0,4,2023-11-02,6,6.0,6,11,44,3,1.5
1000008961,"MCB,16A,3POLE#",24.0,7,2023-11-03,13,13.0,13,11,44,4,1.8571428571428572
1000008973,"MCB,16A,4POLE#",10.0,4,2023-11-04,5,5.0,5,11,44,5,1.25
1000254188,"MCB,20A,1P,CAT:5SX41208RC, Siemens",39.0,1,2023-11-05,25,25.0,25,11,44,6,25.0
1000174644,"MCB,20A,3P",30.0,1,2023-11-06,8,8.0,8,11,45,0,8.0
1000254205,"MCB,25A,2P,CAT:5SX42258RC",3.0,7,2023-11-07,1,1.0,1,11,45,1,0.14285714285714285
1000254190,"MCB,32A,1P,CAT:5SX41328RC",12.0,2,2023-11-08,7,7.0,7,11,45,2,3.5
1000008963,"MCB,32A,3POLE",48.0,1,2023-11-09,38,38.0,38,11,45,3,38.0
1000254189,"MCB,40A,1P,CAT:5SJ41408RC, Siemens",16.0,3,2023-11-10,11,11.0,11,11,45,4,3.6666666666666665
1000254208,"MCB,40A,3P,CAT:5SJ43408RC, Siemens",13.0,4,2023-11-11,6,6.0,6,11,45,5,1.5
1000254162,"MCB,63A,1P,10KA,MM:5SX41637RC",31.0,1,2023-11-13,18,18.0,18,11,46,0,18.0
1000008976,"MCB,63A,4P",1.0,2,2023-11-14,1,1.0,1,11,46,1,0.5
1000323969,"MCB,80A,1P",22.0,7,2023-11-15,6,6.0,6,11,46,2,0.8571428571428571
1000280158,"MCB; 80A,3P, 5SP43807RC,10KA,Siemens",3.0,7,2023-11-16,2,2.0,2,11,46,3,0.2857142857142857
1000127027,"BEARING,BALL,6040 M  - SKF",3.0,6,2023-11-17,1,1.0,1,11,46,4,0.16666666666666666
1000197274,"BEARING,BALL,DES:6040 M C3  SKF",1.0,2,2023-11-18,1,1.0,1,11,46,5,0.5
1000023227,"BEARING,BALL,6232 M C3   SKF",2.0,3,2023-11-19,1,1.0,1,11,46,6,0.3333333333333333
1000258509,"BEARING,BALL,DES:6038MC3   SKF",2.0,7,2023-11-20,1,1.0,1,11,47,0,0.14285714285714285
1000215455,"BEARING,BALL,DEEP GROOVE,DES:6330C3   SKF",1.0,4,2023-11-21,1,1.0,1,11,47,1,0.25
1000216662,"BEARING,BALL,DES:NU1040ML   SKF",1.0,2,2023-11-22,1,1.0,1,11,47,2,0.5
1000215458,"BEARING,CYL ROLLER,DES:NU1032ML   SKF",2.0,1,2023-11-23,1,1.0,1,11,47,3,1.0
1000215456,"BEARING,CYL ROLLER,DES:NU1038ML   SKF",2.0,4,2023-11-24,1,1.0,1,11,47,4,0.25
1000023014,"BEARING,BALL,6228 C3#     SKF",2.0,4,2023-11-25,1,1.0,1,11,47,5,0.25
1000217027,"BEARING,BALL,DES:6226C3VL0241   SKF",4.0,1,2023-11-26,3,3.0,3,11,47,6,3.0
1000022937,"BEARING,BALL,6226 C3   SKF",7.0,2,2023-11-27,5,5.0,5,11,48,0,2.5
1000216590,"BEARING,BALL,DEEP GROOVE,6224C3VL0241   SKF",3.0,1,2023-11-28,1,1.0,1,11,48,1,1.0
1000023228,"BEARING,BALL,6224 C3    SKF",2.0,6,2023-11-29,1,1.0,1,11,48,2,0.16666666666666666
1000023254,"BEARING,BALL,6224    SKF",2.0,4,2023-11-30,1,1.0,1,11,48,3,0.25
1000022967,"BEARING,BALL,6322 C3     SKF",2.0,5,2023-12-01,1,1.0,1,12,48,4,0.2
1000217026,"BEARING,BALL,DES:6220 C3 VL0241   SKF",1.0,5,2023-12-02,1,1.0,1,12,48,5,0.2
1000023012,"BEARING,BALL,6220    SKF",3.0,3,2023-12-03,2,2.0,2,12,48,6,0.6666666666666666
1000291510,"BEARING,BALL;Dsgn:6220 C3    SKF",4.0,7,2023-12-04,1,1.0,1,12,49,0,0.14285714285714285
1000188093,"BEARING,BALL,DES:6319 M/C3 VL0241   SKF",3.0,1,2023-12-05,1,1.0,1,12,49,1,1.0
1000023035,"BEARING,BALL,6319   SKF",3.0,1,2023-12-06,1,1.0,1,12,49,2,1.0
1000022965,"BEARING,BALL,6319 C3#  SKF",2.0,3,2023-12-07,2,2.0,2,12,49,3,0.6666666666666666
1000271059,"BEARING,BALL,DEEP GROOVE,6318 C3 VL0241   SKF",2.0,3,2023-12-08,1,1.0,1,12,49,4,0.3333333333333333
1000022964,"BEARING,BALL,6318 C3#   SKF",8.0,3,2023-12-09,4,4.0,4,12,49,5,1.3333333333333333
1000284195,"BEARING,DES:6317 M    SKF",2.0,4,2023-12-10,1,1.0,1,12,49,6,0.25
1000023033,"BEARING,BALL,6317  SKF",4.0,6,2023-12-11,2,2.0,2,12,50,0,0.3333333333333333
1000023064,"BEARING,BALL,6316 C3#  FAG",2.0,4,2023-12-13,1,1.0,1,12,50,2,0.25
1000022962,"BEARING,BALL,6315 C3#   SKF",7.0,3,2023-12-14,3,3.0,3,12,50,3,1.0
1000022962,"BEARING,BALL,6315 C3#    FAG",2.0,1,2023-12-15,1,1.0,1,12,50,4,1.0
1000023030,"BEARING,BALL,6314  SKF",2.0,4,2023-12-16,1,1.0,1,12,50,5,0.25
1000022961,"BEARING,BALL,6314 C3#    SKF",3.0,6,2023-12-17,2,2.0,2,12,50,6,0.3333333333333333
1000023029,"BEARING,BALL,6313     SKF",22.0,4,2023-12-18,12,12.0,12,12,51,0,3.0
1000201387,"BEARING,BALL,6313 ZZ C3   SKF",25.0,6,2023-12-19,13,13.0,13,12,51,1,2.1666666666666665
1000023195,"BEARING,BALL,6313 C3#    SKF",5.0,3,2023-12-20,2,2.0,2,12,51,2,0.6666666666666666
1000023028,"BEARING,BALL,6312   SKF",5.0,6,2023-12-21,3,3.0,3,12,51,3,0.5
1000023120,"BEARING,BALL,6312 C3    SKF",26.0,1,2023-12-22,29,29.0,29,12,51,4,29.0
1000023062,"BEARING,BALL,63102Z    SKF",21.0,3,2023-12-23,13,13.0,13,12,51,5,4.333333333333333
1000221767,"BEARING,BALL,6310Z,PN:10329265    SKF",10.0,1,2023-12-24,3,3.0,3,12,51,6,3.0
1000022958,"BEARING,BALL,6310 ZZ C3#   SKF",5.0,5,2023-12-25,2,2.0,2,12,52,0,0.4
1000022955,"BEARING,BALL,6310 C3#    SKF",4.0,2,2023-12-26,3,3.0,3,12,52,1,1.5
1000023103,"BEARING,BALL,6309 C3    SKF",2.0,6,2023-12-27,1,1.0,1,12,52,2,0.16666666666666666
1000022954,"BEARING,BALL,6309 2Z C3#    SKF",4.0,2,2023-12-28,2,2.0,2,12,52,3,1.0
1000022953,"BEARING,BALL,6309 2Z#   FAG",2.0,2,2023-12-29,1,1.0,1,12,52,4,0.5
1000022951,"BEARING,BALL,6308 2Z C3#     SKF",8.0,6,2023-12-30,3,3.0,3,12,52,5,0.5
1000022948,"BEARING,BALL,6307 2Z C3#    SKF",23.0,3,2023-12-31,15,15.0,15,12,52,6,5.0
1000022947,"BEARING,BALL,63062Z#    SKF",26.0,5,2024-01-01,21,21.0,21,1,1,0,4.2
1000022946,"BEARING,BALL,63052Z#   SKF",55.0,1,2024-01-02,16,16.0,16,1,1,1,16.0
1000023021,"BEARING,BALL,6305   SKF",3.0,1,2024-01-04,1,1.0,1,1,1,3,1.0
1000023127,"BEARING,BALL,6304 2Z     SKF",10.0,4,2024-01-05,2,2.0,2,1,1,4,0.5
1000251839,"BEARING,BALL,6303-2Z-C3    SKF",23.0,1,2024-01-06,10,10.0,10,1,1,5,10.0
1000023531,"BEARING,ROLLER,NU217 ECM   SKF",3.0,6,2024-01-07,1,1.0,1,1,1,6,0.16666666666666666
1000247943,"BEARING,ROLLER,DES:N312ECM   SKF",1.0,5,2024-01-08,1,1.0,1,1,2,0,0.2
1000247942,"BEARING,ROLLER,DES:N312ECJ/C3   SKF",2.0,4,2024-01-09,1,1.0,1,1,2,1,0.25
1000247946,"BEARING,ROLLER,DES:NU218ECM OR ECJ    SKF",4.0,7,2024-01-10,1,1.0,1,1,2,2,0.14285714285714285
1000247944,"BEARING,ROLLER,DES:NU218 ECJ/C3  SKF",4.0,3,2024-01-11,3,3.0,3,1,2,3,1.0
1000247945,"BEARING,ROLLER,DES:NU218 ECM   SKF",5.0,1,2024-01-12,1,1.0,1,1,2,4,1.0
1000216661,"BEARING,BALL,DEEP GROOVE,6218 C3 VL0241   SKF",2.0,1,2024-01-13,1,1.0,1,1,2,5,1.0
1000216661,"BEARING,BALL,DEEP GROOVE,6218C3VL0241 M   SKF",3.0,4,2024-01-14,1,1.0,1,1,2,6,0.25
1000291505,"BEARING,BALL;CAT:6218C3   SKF",8.0,3,2024-01-15,2,2.0,2,1,3,0,0.6666666666666666
1000422265,BEARING;BALL: 6218-M C3   SKF,4.0,3,2024-01-16,1,1.0,1,1,3,1,0.3333333333333333
1000022936,"BEARING,BALL,6217 C3    SKF",5.0,7,2024-01-18,2,2.0,2,1,3,3,0.2857142857142857
1000376896,"BEARING;BALL,Dsgn:6216-2Z-C3    SKF",6.0,6,2024-01-19,1,1.0,1,1,3,4,0.16666666666666666
1000376320,"BEARING;DSGN:6216.C4.J20AA,SLG,80,140   SKF",4.0,6,2024-01-20,2,2.0,2,1,3,5,0.3333333333333333
1000022932,"BEARING,BALL,6213   SKF",6.0,6,2024-01-21,1,1.0,1,1,3,6,0.16666666666666666
1000022932,"BEARING,BALL,6213 C3#   SKF",2.0,6,2024-01-22,1,1.0,1,1,4,0,0.16666666666666666
1000247482,"BEARING,BALL,6213-2RS1   SKF",2.0,6,2024-01-23,1,1.0,1,1,4,1,0.16666666666666666
1000346814,BEARING;PN:6213 ZZ C3   SKF,7.0,5,2024-01-24,3,3.0,3,1,4,2,0.6
1000092590,"BEARING,BALL,6209-ZZ     SKF",28.0,3,2024-01-25,31,31.0,31,1,4,3,10.333333333333334
1000022926,"BEARING,BALL,6209 2Z C3# (FAG-12 + SKF-10)",22.0,6,2024-01-26,4,4.0,4,1,4,4,0.6666666666666666
1000022923,"BEARING,BALL,Dsgn:6208 2Z   SKF",47.0,3,2024-01-27,39,39.0,39,1,4,5,13.0
1000022924,"BEARING,BALL,6208 2Z C3#    SKF",1.0,2,2024-01-29,1,1.0,1,1,5,0,0.5
1000532804,"BEARING,BALL;Dsgn:6208 ZZ C4   SKF",16.0,5,2024-01-30,3,3.0,3,1,5,1,0.6
1000023199,"BEARING,BALL,6207 2Z C3    SKF",2.0,6,2024-01-31,1,1.0,1,1,5,2,0.16666666666666666
1000022920,"BEARING,BALL,6206 2Z#    SKF",33.0,1,2024-02-01,18,18.0,18,2,5,3,18.0
1000208911,"BEARING,BALL,6205 2Z C3  SKF",26.0,4,2024-02-02,14,14.0,14,2,5,4,3.5
1000022915,"BEARING,BALL,6004 2Z C3#   TIMKEN",20.0,7,2024-02-03,8,8.0,8,2,5,5,1.1428571428571428
1000023196,"BEARING,BALL,6203 2Z C3    SKF",63.0,1,2024-02-04,29,29.0,29,2,5,6,29.0
1000208912,"BEARING,BALL,6202 2Z C3    SKF",36.0,5,2024-02-05,22,22.0,22,2,6,0,4.4
1000023052,"BEARING,BALL,6201 2Z#    SKF",40.0,4,2024-02-06,28,28.0,28,2,6,1,7.0
1000358154,BEARING;PN:6007 2Z/C3  SKF ,0.0,5,2024-02-07,1,1.0,1,2,6,2,0.2
1000022981,"BEARING,BALL,6001   SKF",4.0,3,2024-02-08,1,1.0,1,2,6,3,0.3333333333333333
1000225360,"SWITCH,LIMIT,240VAC,1NO+1NC,XCK-S (JAI BAJAJI)",12.0,3,2024-02-10,7,7.0,7,2,6,5,2.3333333333333335
1000182313,"LIMIT SWITCH,240V AC,IEC60947-5-1, PLUNGER TYPE (SIEMENS)",47.0,1,2024-02-11,14,14.0,14,2,6,6,14.0
1000202980,"LIMIT SWITCH,10A,PN:3SE3100-1E",8.0,1,2024-02-12,3,3.0,3,2,7,0,3.0
1000230427,PRESSURE SWITCH (HYD),8.0,5,2024-02-18,5,5.0,5,2,7,6,1.0
1000230427,DIFFERENTIAL PRESS SWITCH (LUB),5.0,6,2024-02-19,1,1.0,1,2,8,0,0.16666666666666666
1000177915,"DIFFERENTIAL PRESS SWITCH, 0.5 - 10BAR (HYD)",4.0,3,2024-02-20,1,1.0,1,2,8,1,0.3333333333333333
1000225437,"DIFFERENTIAL PRESS SWITCH,MM:VD5D.0/L24",6.0,4,2024-02-21,2,2.0,2,2,8,2,0.5
1000149657,"SWITCH,HYDRAULIC PRESSURE (400BAR)",3.0,1,2024-02-22,2,2.0,2,2,8,3,2.0
1000318442,ROLL MOUNTING CART PRESSURE SWITCH,2.0,5,2024-02-23,1,1.0,1,2,8,4,0.2
1000299968,VD CONTROLLER;MM3010DI13DR08AI02,4.0,5,2024-02-24,2,2.0,2,2,8,5,0.4
1000539453,ANNOUNCIATOR,1.0,1,2024-02-25,1,1.0,1,2,8,6,1.0
1000248338,"COIL,SOL,24V DC,MM:347B04",22.0,4,2024-03-01,1,1.0,1,3,9,4,0.25
1000352451,"ROSEMOIUNT PRESSURE TRANSMITTER, 0 - 25 BAR ",2.0,7,2024-03-07,1,1.0,1,3,10,3,0.14285714285714285
1000238263,"COIL, SOLENOID,24VDC,1.25A,MM:M-3SED6CK-1X350CG24N9K4",11.0,2,2024-03-10,1,1.0,1,3,10,6,0.5
1000084653,"COIL,SOLENOID,24VDC,1.45A,MM:019793 K425",21.0,1,2024-03-11,1,1.0,1,3,11,0,1.0
1000568853,"CONNECTOR;PROXIMITY SENSOR,PN:E11293",30.0,2,2024-03-12,10,10.0,10,3,11,1,5.0
1000011919,"POSITIONER,PNEUMATIC,MM:830WP (Make-Fobs Marshal)",3.0,7,2024-03-13,2,2.0,2,3,11,2,0.2857142857142857
1000192410,"POSITIONER;4-20mA,MM:DVC6020 F/VALVE (Make-Fisher)",1.0,6,2024-03-14,1,1.0,1,3,11,3,0.16666666666666666
1000234762,"CONTROLLER STREIGHTING MACHINE PANEL,24VDC,MM:TP02G-AS1",1.0,3,2024-03-16,1,1.0,1,3,11,5,0.3333333333333333
1000494549,"CONNECTOR;MALE,PN:268B94",26.0,7,2024-03-19,8,8.0,8,3,12,1,1.1428571428571428
1000494581,"CONNECTOR;FEMALE,PN:267B94",25.0,6,2024-03-20,9,9.0,9,3,12,2,1.5
1000316989,"DRIVE;380-480V,PN:SKC3400300,  MAKE- NORTEK-FOR VD",1.0,7,2024-03-21,1,1.0,1,3,12,3,0.14285714285714285
1000316986,"DRIVE;380-480V,PN:SKB3400150,   MAKE- NORTEK-FOR VD",1.0,2,2024-03-22,1,1.0,1,3,12,4,0.5
1000266804,SIEMENS POSITIONER DISPLAY (NOT IN USE),1.0,7,2024-03-23,1,1.0,1,3,12,5,0.14285714285714285
1000316861,TEMPERATURE SWITCH; PN:2059031  MAKE- NORTEK FOR VD,1.0,3,2024-03-24,1,1.0,1,3,12,6,0.3333333333333333
1000316858,FLOW SWITCH; PN:2039501 MAKE- NORTEK -FOR VD,3.0,2,2024-03-25,3,3.0,3,3,13,0,1.5
1000316873,"VALVE,SOL;EBB 6212,PN:EBB 6212 MAKE- NORTEK  -FOR VD",1.0,2,2024-03-26,1,1.0,1,3,13,1,0.5
1000230428,"SWITCH,FLOW,110Â°C,MM:UM3K-015-GM70, MAKE- NORTEK-FOR VD",1.0,1,2024-03-28,1,1.0,1,3,13,3,1.0
1000316872,"CONTROL;FLOW,PN:12A",1.0,1,2024-03-29,1,1.0,1,3,13,4,1.0
1000293989,LEVEL SWITCH;PN:NT 62-MS-S6,1.0,1,2024-03-30,1,1.0,1,3,13,5,1.0
1000316870,"LEVEL SWITCH;ELECTRICAL,PN:4604102/100 -FOR VD",1.0,3,2024-03-31,1,1.0,1,3,13,6,0.3333333333333333
1000316868,"VALVE,SOL;ESM 8614,PN:ESM 8614 -FOR VD",1.0,6,2024-04-01,1,1.0,1,4,14,0,0.16666666666666666
1000484947,"THERMOCOUPLE;PT100,3,PN:TR10-D  -FOR VD",1.0,7,2024-04-02,1,1.0,1,4,14,1,0.14285714285714285
1000317180,LEVEL SWITCH;PN:4604115_260   -FOR VD,1.0,2,2024-04-04,1,1.0,1,4,14,3,0.5
1000316855,"VALVE,SOL;VS 8414,PN:VS 8414  -FOR VD",1.0,7,2024-04-05,1,1.0,1,4,14,4,0.14285714285714285
1000311872,FLOAT LEVEL SWITCH,1.0,2,2024-04-08,1,1.0,1,4,15,0,0.5
1000476326,TRANSFORMER FOR ENERPAC ,1.0,1,2024-04-09,1,1.0,1,4,15,1,1.0
1000526894,"DC VALVE;10BAR,PN:W7076A3332",0.0,2,2024-04-12,1,1.0,1,4,15,4,0.5
1000583963,"POSITIONER VALVE,CTRL;CS.A216,WCC,SS,CL150,6IN,FE (Cable Celler)",1.0,7,2024-04-13,1,1.0,1,4,15,5,0.14285714285714285
1000583970,"POSITIONER VALVE,CTRL;CS,A216,WCC,SS,CL150,4IN,FE (Cable Celler)",1.0,1,2024-04-14,1,1.0,1,4,15,6,1.0
1000584019,"POSITIONER VALVE,CTRL;CS,A216WCC,SS,CL150,3IN,FE (Cable Celler)",1.0,4,2024-04-15,1,1.0,1,4,16,0,0.25
1000047839,"LOUDSPEAKER,MM:LBD 8347+LBD 8308",2.0,5,2024-04-16,2,2.0,2,4,16,1,0.4
1000009776,"SIREN,ELECTRONIC,220VAC,RANGE-1KM",3.0,4,2024-04-17,1,1.0,1,4,16,2,0.25
1000009792,"SIREN, ELECTRONICS",5.0,1,2024-04-18,2,2.0,2,4,16,3,2.0
1000047838,"AMPLIFIER,EXTENSION,MM:LBD8924/01",3.0,6,2024-04-19,1,1.0,1,4,16,4,0.16666666666666666
1000047813,"JUNCTION BOX,MM:LBD8930 JL",7.0,6,2024-04-20,4,4.0,4,4,16,5,0.6666666666666666
1000047855,"LOUDSPEAKER,MM:LBD 8363/MR  (Small)",12.0,4,2024-04-21,1,1.0,1,4,16,6,0.25
1000356913,SPEAKER UNIT (PART OF LOUDSPEAKER);PN:LBD 8308M,4.0,3,2024-04-22,1,1.0,1,4,17,0,0.3333333333333333
1000047845,"DIAPHRAGM F/DRIVER UNIT,MM:LBD8308 30W",18.0,7,2024-04-23,6,6.0,6,4,17,1,0.8571428571428571
1000047847,"CAPSULE,EARPICE,MM:LBD 8904",30.0,7,2024-04-24,2,2.0,2,4,17,2,0.2857142857142857
1000047931,"CAPSULE,MOUTHPIECE,MM:LBD 8904",10.0,4,2024-04-25,7,7.0,7,4,17,3,1.75
1000047929,"HANDSET,COMPLETE,MM:LBD 8904",8.0,2,2024-04-26,3,3.0,3,4,17,4,1.5
1000047930,"CRADLE SWITCH,MM:LBD 8904",5.0,2,2024-04-27,2,2.0,2,4,17,5,1.0
1000047936,"TRANSISTOR UNIT,MM:LBD 8904",10.0,7,2024-04-28,5,5.0,5,4,17,6,0.7142857142857143
1000047934,"DIODE UNIT,MM:LBD 8904",10.0,7,2024-04-29,4,4.0,4,4,18,0,0.5714285714285714
1000257092,"PRESET F/AMPLIFIER,MM:LBD8924/01",20.0,1,2024-05-02,2,2.0,2,5,18,3,2.0
1000047932,"PRESET UNIT,V&H,MM:LBD 8904",10.0,6,2024-05-05,6,6.0,6,5,18,6,1.0
1000047937,"RELAY;24V/02 POLE,MM:LBD 8904",1.0,5,2024-05-06,1,1.0,1,5,19,0,0.2
1000047930,"CRADLE SWITCH,MM:LBD 8904",5.0,6,2024-05-07,3,2.5,5,5,19,1,0.5
1000047933,"CAPACITOR UNIT,MM:LBD 8904",5.0,6,2024-05-10,1,1.0,1,5,19,4,0.16666666666666666
1000047851,"MICRO SWITCH,MM:LBD 8904",2.0,1,2024-05-11,1,1.0,1,5,19,5,1.0
1000047851,MICRO SWITCH,10.0,2,2024-05-13,5,5.0,5,5,20,0,2.5
1000047857,"MAIN PCB DESKTOP, MM:LBD 8904",9.0,4,2024-05-18,3,3.0,3,5,20,5,0.75
1000047856,"TRANSFORMER- AMPLIFIER,MM:LBD 8904",30.0,5,2024-05-19,19,19.0,19,5,20,6,3.8
1000257096,"FUSE,1.6A F/AMPLIFIER,LBD8924/01",20.0,4,2024-05-22,14,14.0,14,5,21,2,3.5
1000047822,"DESKTOP STATION,TYPE:LBD/8904",2.0,4,2024-05-23,1,1.0,1,5,21,3,0.25
1000047825,"PUBLIC ADDRESS SYSTEM,MM:LBD-8921/01",0.0,4,2024-05-24,1,1.0,1,5,21,4,0.25
1000413817,"SWITCH,PRS;PN:3397160,F/AC PANEL",4.0,5,2024-05-25,1,1.0,1,5,21,5,0.2
1000411181,"VALVE;EXPANSION,PN:3397334",3.0,7,2024-05-26,2,2.0,2,5,21,6,0.2857142857142857
1000413836,"DRYER;PN:3397048,F/AC PANEL",1.0,4,2024-05-27,1,1.0,1,5,22,0,0.25
1000413832,"VALVE;PN:3397050,F/AC PANEL",4.0,6,2024-05-28,1,1.0,1,5,22,1,0.16666666666666666
1000413833,"COIL,CONDNSR;PN:3397614,F/AC PANEL",1.0,5,2024-05-29,1,1.0,1,5,22,2,0.2
1000413837,"COIL,EVAPORATOR;PN:3397613,F/AC PANEL",1.0,4,2024-05-30,1,1.0,1,5,22,3,0.25
1000303193,"PIPE NRV, PN: 3397522, F/AC PANEL",4.0,7,2024-06-01,1,1.0,1,6,22,5,0.14285714285714285
1000413818,"SENSOR,TEMP;PN:3397537,F/AC PANEL",1.0,3,2024-06-02,1,1.0,1,6,22,6,0.3333333333333333
1000411182,"SENSOR,TEMP;PN:3397534,F/COOLING UNIT",1.0,7,2024-06-03,1,1.0,1,6,23,0,0.14285714285714285
1000431318,PROBE;PN:52125-1,0.0,5,2024-06-05,1,1.0,1,6,23,2,0.2
1000186448,"BRAZING ROD,COPPER,1/8IN",1.0,2,2024-06-06,1,1.0,1,6,23,3,0.5
1000274724,"CARD,DISPLAY,PN:3396282 F/PANEL,338310",1.0,4,2024-06-07,1,1.0,1,6,23,4,0.25
1000303117,DISPLAY;PN:3399008 (632414),0.0,2,2024-06-08,1,1.0,1,6,23,5,0.5
1000431326,"CONTROLLER;DWYER TS2-010,PN:52100-1",0.0,6,2024-06-09,1,1.0,1,6,23,6,0.16666666666666666
1000184566,"AEROSOL CAN,LPG",1.0,3,2024-06-10,1,1.0,1,6,24,0,0.3333333333333333
1000413816,"THERMOSTAT;PN:3397000,F/AC PANEL",0.0,1,2024-06-11,1,1.0,1,6,24,1,1.0
1000411189,"FILTER;DRIER,PN:3397058,F/COOLING UNIT",1.0,7,2024-06-12,1,1.0,1,6,24,2,0.14285714285714285
1000413823,"DRYER;PN:3397015,F/AC PANEL",0.0,3,2024-06-13,1,1.0,1,6,24,3,0.3333333333333333
1000303113,EVAPORATOR;PN:3399008 (632408),0.0,4,2024-06-14,1,1.0,1,6,24,4,0.25
1000303173,FILTER;PN:3399008 (632413),0.0,2,2024-06-15,1,1.0,1,6,24,5,0.5
1000303171,CONDENSER;PN:3399008 (642772),0.0,7,2024-06-16,1,1.0,1,6,24,6,0.14285714285714285
1000310505,"FAN;CONDENSOR,3396007,F/PANEL",3.0,2,2024-06-17,1,1.0,1,6,25,0,0.5
1000413827,"EVAPORATOR;PN:3396005,F/AC PANEL",0.0,5,2024-06-18,1,1.0,1,6,25,1,0.2
1000303113,EVAPORATOR;PN:3399008 (632408),0.0,2,2024-06-19,1,1.0,2,6,25,2,0.5
1000303124,COMPRESSOR;PN:3399008 (632369),0.0,5,2024-06-20,1,1.0,1,6,25,3,0.2
1000413821,"VALVE;PN:3397049,F/AC PANEL",0.0,6,2024-06-21,1,1.0,1,6,25,4,0.16666666666666666
1000465858,"REFRIGERANT;R134A,500GRMS",0.0,7,2024-06-22,1,1.0,1,6,25,5,0.14285714285714285
1000219509,"AUX CONTACTOR,110VAC,2NO+2NC,PN:N22E ,ABB",23.0,7,2024-06-23,6,6.0,6,6,25,6,0.8571428571428571
1000005660,"AUX CONTACTOR,110VAC,4NO,PN:N40E,ABB",25.0,1,2024-06-24,17,17.0,17,6,26,0,17.0
1000005081,"AUX CONTACTOR,110VAC,4NO,PN:3TH30-40-0AF0,SIEMENS",11.0,4,2024-06-25,4,4.0,4,6,26,1,1.0
1000141414,"AUX CONTACTOR,230 VAC,3NO+1NC,PN:3TH30-31-0AP0, SIEMENS",6.0,5,2024-06-26,1,1.0,1,6,26,2,0.2
1000278536,"AUX CONTACTOR,230V,4NO,PN:3TH30-40-0AU0,SIEMENS",2.0,1,2024-06-27,1,1.0,1,6,26,3,1.0
1000219510,"AUX CONTACTOR,24VDC,2NO+2NC,PN:NF22E,ABB",10.0,2,2024-06-28,2,2.0,2,6,26,4,1.0
1000254215,"AUX CONTACTOR,24VDC,4NO,PN:3TH30-40-0BB4,SIEMENS",4.0,2,2024-06-29,1,1.0,1,6,26,5,0.5
1000005151,"POWER CONTACTOR,110VAC,45A,PN:A26-30-10,ABB ",64.0,1,2024-06-30,12,12.0,12,6,26,6,12.0
1000005152,"POWER CONTACTOR,110VAC,55A,PN:A30-30-10,ABB",6.0,7,2024-07-01,1,1.0,1,7,27,0,0.14285714285714285
1000005153,"POWER CONTACTOR,110VAC,60A,PN:A40-30-10,ABB",11.0,2,2024-07-02,7,7.0,7,7,27,1,3.5
1000061361,"POWER CONTACTOR,220VAC,27A,PN:A12-30-10,ABB",3.0,6,2024-07-04,1,1.0,1,7,27,3,0.16666666666666666
1000254211,"POWER CONTACTOR,110VAC,9A,PN:3RT2016-AF01, SIEMENS",35.0,1,2024-07-05,37,37.0,37,7,27,4,37.0
1000261869,"POWER CONTACTOR,220VAC,9A,2NO+2NC,PN:3RT1015-1AP04-3MA0, SIEMENS",8.0,5,2024-07-06,2,2.0,2,7,27,5,0.4
1000149632,"POWER CONTACTOR,220V,20A,PN:3TF31-10-0BM4",1.0,5,2024-07-07,1,1.0,1,7,27,6,0.2
1000254212,"POWER CONTACTOR,110VAC,25A,PN:3RT1026-1AG2, SIEMENS",1.0,5,2024-07-09,1,1.0,1,7,28,1,0.2
1000219513,"POWER CONTACTOR,110VAC,115A,PN:A63-30-00,ABB",5.0,7,2024-07-11,1,1.0,1,7,28,3,0.14285714285714285
1000005155,"POWER CONTACTOR,110VAC,125A,PN:A75-30-00,ABB",4.0,5,2024-07-12,1,1.0,1,7,28,4,0.2
1000376508,"POWER CONTACTOR,220VAC,125A,PN:LC1 D95M7,SCHNEIDER",1.0,6,2024-07-13,1,1.0,1,7,28,5,0.16666666666666666
1000062224,"POWER CONTACTOR,110VAC,160A,PN:A110-30-11,ABB",0.0,5,2024-07-14,1,1.0,1,7,28,6,0.2
1000260569,"POWER CONTACTOR,220VAC,175A,2NO+2NC, 3RT14766AP36",8.0,7,2024-07-15,3,3.0,3,7,29,0,0.42857142857142855
1000092620,"POWER CONTACTOR,220VAC,200A,PN:LC1 F115, SCHNEIDER",2.0,3,2024-07-16,1,1.0,1,7,29,1,0.3333333333333333
1000598187,"POWER CONTACTOR,220VAC,250A,PN:LC1D150P7, SCHNEIDER",1.0,4,2024-07-17,1,1.0,1,7,29,2,0.25
1000453647,"POWER CONTACTOR,110VAC,250A,PN:A145-30-11,ABB",4.0,2,2024-07-18,1,1.0,1,7,29,3,0.5
1000005157,"POWER CONTACTOR,110VAC,275A,PN:A185-30-11,ABB",5.0,3,2024-07-19,3,3.0,3,7,29,4,1.0
1000219514,"POWER CONTACTOR,110VAC,350A,PN:A210-30-11,ABB",6.0,5,2024-07-20,4,4.0,4,7,29,5,0.8
1000475080,"POWER CONTACTOR,110VAC,400A,PN:A260-30-11,ABB",2.0,6,2024-07-21,1,1.0,1,7,29,6,0.16666666666666666
1000005158,"POWER CONTACTOR,110VAC,500A,PN:A300-30-11,ABB",2.0,1,2024-07-22,1,1.0,1,7,30,0,1.0
1000005162,"POWER CONTACTOR,110V-250V,600A,PN:AF400-30-11, ABB",8.0,5,2024-07-23,2,2.0,2,7,30,1,0.4
1000425194,"KIT,CONTACT;A210-30-11,PN:ZL210",2.0,6,2024-07-24,1,1.0,1,7,30,2,0.16666666666666666
1000425193,"KIT,CONTACT;A185-30-11,PN:ZL185",6.0,4,2024-07-25,6,6.0,6,7,30,3,1.5
1000425198,"KIT,CONTACT;A110-30-11,PN:ZL110",9.0,5,2024-07-26,6,6.0,6,7,30,4,1.2
1000300214,"CONTACT;ZL 75,PN:1 SBN 164 103 R1000",1.0,7,2024-07-27,1,1.0,1,7,30,5,0.14285714285714285
1000425195,"KIT,CONTACT;A63-30-00,PN:ZL63",6.0,1,2024-07-28,3,3.0,3,7,30,6,3.0
1000425197,"KIT,CONTACT;AF400-30-11,PN:ZL400",0.0,6,2024-07-29,1,1.0,1,7,31,0,0.16666666666666666
1000425199,"KIT,CONTACT;A145-30-11,PN:ZL145",0.0,6,2024-07-30,1,1.0,1,7,31,1,0.16666666666666666
1000425196,"KIT,CONTACT;A75-30-00,PN:ZL75",0.0,6,2024-07-31,1,1.0,1,7,31,2,0.16666666666666666
1000473210,"LIGHT;LED,PN:LWV12-70-CDL, 70W",24.0,4,2024-08-01,18,18.0,18,8,31,3,4.5
1000413800,"LIGHT,LED,WELL GLASS, 40W",16.0,5,2024-08-02,4,4.0,4,8,31,4,0.8
1000461482,"LIGHT;LED, FLOOD LIGHT, 90W",29.0,4,2024-08-03,15,15.0,15,8,31,5,3.75
1000508021,"LIGHT;LED HIGHBAY, 150W",100.0,2,2024-08-04,6,6.0,6,8,31,6,3.0
1000603950,"LIGHT;LED HIGHBAY,PN:911401873981, 150W (Light weight)",0.0,2,2024-08-05,1,1.0,1,8,32,0,0.5
1000522143,"LAMP;LED, 37W",16.0,5,2024-08-06,11,11.0,11,8,32,1,2.2
1000482981,"LIGHT;LED,FLOOD LIGHT, 200W",2.0,7,2024-08-07,1,1.0,1,8,32,2,0.14285714285714285
1000555866,"LIGHT;LED,MN:LFLPI-400CDL/60, 400W",5.0,4,2024-08-08,1,1.0,1,8,32,3,0.25
1000306971,Instrument Skinned cable,600.0,1,2024-09-17,339,339.0,339,9,38,1,339.0
1000306971,Instrument Skinned cable,520.0,1,2024-09-18,207,273.0,546,9,38,2,207.0
1000306971,Instrument Skinned cable (old),150.0,2,2024-09-19,95,95.0,95,9,38,3,47.5
1000024774,"OIL SEAL,RUBBER,30X47X7MM#",25.0,5,2024-09-23,13,13.0,13,9,39,0,2.6
1000174985,"OIL SEAL,RBR,35X52X7MM",137.0,7,2024-09-25,62,62.0,62,9,39,2,8.857142857142858
1000064428,"OIL SEAL,35X47X7MM",26.0,6,2024-09-26,10,10.0,10,9,39,3,1.6666666666666667
1000024980,"OIL SEAL,RUBBER,40X52X7MM",31.0,5,2024-09-28,16,16.0,16,9,39,5,3.2
1000024795,"OIL SEAL,RUBBER,40X55X7MM#",16.0,3,2024-09-29,1,1.0,1,9,39,6,0.3333333333333333
1000203716,"OIL SEAL,RBR,45X65X8MM",12.0,3,2024-10-01,4,4.0,4,10,40,1,1.3333333333333333
1000228906,"OIL SEAL,PU,65X85X10MM",49.0,7,2024-10-02,26,26.0,26,10,40,2,3.7142857142857144
1000024879,"OIL SEAL,RUBBER,80X100X10MM#",43.0,1,2024-10-03,25,25.0,25,10,40,3,25.0
1000250908,"OIL SEAL,PN:106178",0.0,2,2024-10-04,1,1.0,1,10,40,4,0.5
1000250922,"OIL SEAL,PN:13228811",0.0,5,2024-10-05,1,1.0,1,10,40,5,0.2
1000250921,"OIL SEAL,PN:106062",0.0,2,2024-10-06,1,1.0,1,10,40,6,0.5
1000250909,"OIL SEAL,PN:106232",0.0,2,2024-10-07,1,1.0,1,10,41,0,0.5
1000195360,"DC Gland, 22 mm",0.0,4,2024-10-14,1,1.0,1,10,42,0,0.25
1000195412,"DC Gland, 32 mm",0.0,5,2024-10-16,1,1.0,1,10,42,2,0.2
1000537943,"DC Gland, 35 mm",0.0,2,2024-10-17,1,1.0,1,10,42,3,0.5
